id;isbn;title;year;author
B-001;978-617-000-0001;Кобзар;1840;Тарас Шевченко
B-002;978-617-000-0002;Захар Беркут;1883;Іван Франко
B-003;978-617-000-0003;Лісова пісня;1911;Леся Українка
B-004;978-617-000-0004;Тигролови;1946;Іван Багряний
B-005;978-617-000-0005;Місто;1928;Валер'ян Підмогильний
B-006;978-617-000-0006;Чорна рада;1857;Пантелеймон Куліш
B-007;978-617-000-0007;Intermezzo;1908;Михайло Коцюбинський
B-008;978-617-000-0008;Кайдашева сім'я;1879;Іван Нечуй-Левицький
B-009;978-617-000-0009;Маруся Чурай;1979;Ліна Костенко
B-010;978-617-000-0010;Сторожова застава;1976;Володимир Рутківський
B-011;978-617-000-0011;Книга без року;багато;Невідомий автор
B-012;978-617-000-0012;;2020;Невідомий автор
B-013;;Книга без ISBN;2020;